{
  "version": 1,
  "author": "Shashwat Shukla",
  "editor": "wokwi",
  "parts": [
    { "type": "wokwi-arduino-uno", "id": "uno", "top": 10.2, "left": -39, "attrs": {} },
    {
      "type": "wokwi-analog-joystick",
      "id": "joystick1",
      "top": 188.9,
      "left": 321.1,
      "rotate": 90,
      "attrs": {}
    }
  ],
  "connections": [
    [ "joystick1:VCC", "uno:5V", "red", [ "h0" ] ],
    [ "joystick1:SEL", "uno:8", "green", [ "h-19.2", "v-297.6", "h-9.6" ] ],
    [ "joystick1:GND", "uno:GND.2", "black", [ "h-182.4" ] ],
    [ "joystick1:VERT", "uno:A0", "blue", [ "h0" ] ],
    [ "joystick1:HORZ", "uno:A1", "violet", [ "h0" ] ]
  ],
  "dependencies": {}
}