{
  "version": 1,
  "author": "Gautam Ahuja",
  "editor": "wokwi",
  "parts": [
    { "type": "wokwi-arduino-uno", "id": "uno", "top": -25.2, "left": -16.75, "attrs": {} },
    {
      "type": "wokwi-max7219-matrix",
      "id": "matrix1",
      "top": -158.05,
      "left": -30.71,
      "attrs": { "chain": "4" }
    },
    {
      "type": "wokwi-analog-joystick",
      "id": "joystick1",
      "top": 54.5,
      "left": 321.1,
      "attrs": {}
    }
  ],
  "connections": [
    [ "matrix1:V+", "uno:5V", "red", [ "h151.7", "v357.61", "h-313.42" ] ],
    [ "matrix1:CLK", "uno:13", "green", [ "h10.61", "v67.19", "h-208.95" ] ],
    [ "matrix1:CS", "uno:10", "#8f4814", [ "h17.07", "v60.63", "h-188.48" ] ],
    [ "matrix1:DIN", "uno:11", "blue", [ "h25.69", "v61.62", "h-203.56" ] ],
    [ "matrix1:GND", "uno:GND.1", "black", [ "h34.31", "v59.37", "h-247.72" ] ],
    [ "uno:5V", "joystick1:VCC", "red", [ "v35.3", "h211.95" ] ],
    [ "joystick1:SEL", "uno:8", "violet", [ "v28.8", "h-105.6", "v-240", "h-124.8" ] ],
    [ "joystick1:GND", "uno:GND.3", "black", [ "v38.4", "h-230.4" ] ],
    [ "joystick1:HORZ", "uno:A0", "green", [ "v21.7", "h-181.3" ] ],
    [ "uno:A1", "joystick1:VERT", "blue", [ "v16.1", "h164.05" ] ]
  ],
  "dependencies": {}
}